{
    "EC_calibration_factor": 80.941368078175897,
    "EC_calibration_solution": 5000.0,
    "EC_baseline": 6562.31591348986,
    "pH_calibration_factor": 275.3552971576227,
    "pH_calibration_LOW": 1023.0,
    "pH_calibration_HIGH": 862.0
}